Zug,LV-Kürzel,PO,Bezeichnung,LVA,SWS,geblockt,online,SPT,Dozent,
AM4,CAD2,WS2019,CAD 2,Ü,2,,,1,SAL
AM4,EFE,WS2019,Erweiterte Festigkeitslehre,Vg,2,,,1,BID
AM4,ELA,WS2019,Elektrische Antriebe,Vg,2,,,1,FRA
AM4,FEL1,WS2019,Finite-Elemente-Methode 1-Labor,L,1,,,1,WIM
AM4,FEM1,WS2019,Finite-Elemente-Methode 1,Vg,2,,,1,AND
AM4,FHL,WS2019,Förder- und Handhabungstechnik-Labor,L,3,,,1,STH
AM4,FHT,WS2019,Förder- und Handhabungstechnik,Vg,2,,,1,STH
AM4,KON,WS2019,Konstruktionslehre,Vg,2,,,1,DIR
AM4,MTE1,WS2019,Messtechnik,Vg,2,,,1,GRA
AM4,RTK1,WS2019,Regelungstechnik 1,Vg,2,,,1,STK
AM4,SRT,WS2019,Steuerungstechnik,Vg,2,,,1,HOS
AM4,TES,WS2019,Technische Schwingungslehre,Vg,2,,,1,HEK
AM4,THD2,WS2019,Thermodynamik 2,Vg,4,ja,,2,MEY
AM5,BWT1,WS2019,Bewegungstechnik 1,Vg,2,,,,-
AM5,IPM,WS2019,Internationales Projektmanagement,Vg,2,,,1,SCK
AM5,KML1,WS2019,Kolbenmaschinen 1-Labor,L,2,,,1,RAK
AM5,KOM1,WS2019,Kolbenmaschinen 1,Vg,2,,,1,RAK
AM5,MDY1,WS2019,Maschinendynamik 1,Vg,2,,,,-
AM5,MRL,WS2019,Messen-Regeln-Labor,L,1,,,1,KAL
AM5,MSL,WS2019,Messen-Steuern-Labor,L,3,,,1,HOS
AM5,RTK2,WS2019,Regelungstechnik 2,Vg,2,,,1,SLZ
AM5,SPK,WS2019,Sprachliche Kompetenzen,S,1,,,,-
AM5,STL1,WS2019,Strömungsmaschinen-Labor,L,1,,,1,PIN
AM5,STM1,WS2019,Strömungsmaschinen,Vg,2,,,1,PIN
AM6,IKR,WS2019,Kosten- und Investitionsrechnung,Vg,1,,,1,ANM
AM6,QUM,WS2019,Qualitäts- und Umweltmanagement,Vg,2,,,1,WIS
AM6,VM1A,WS2019,Umformmaschinen,Vg, L,5,ja,,3,HAG
AM6,VM1B,WS2019,Werkzeugmaschinen,Vg, L,5,ja,,,-
AM6,VM1C,WS2019,Kolbenmaschinen 2,Vg, L,5,nein,,3,RAK
AM6,VM1D,WS2019,Fabrikplanung und -betrieb,Vg, L,5,ja,,3,BEG
AM6,VM2A,WS2019,Machine Learning,Vg,6,ja,,3,MAR
AM6,VM2B,WS2019,Messen-Steuern-Regeln 3,Vg, L,5,nein,,3,KAL
AM6,VM2C,WS2019,Industrierobotik,Vg, L,5,ja,,,-
AM6,VM2D,WS2019,Prozessleittechnik,L, Vg,5,ja,,3,DIR, HOF
AM6,VM3A,WS2019,Kälte- und Klimatechnik,Vg, L,5,nein,,3,HUK
AM6,VM3B,WS2019,Radioökologie und Strahlenschutz,Vg, L,5,ja,,3,GRM
AM6,VM3C,WS2019,Grundlagen der Verfahrenstechnik,Vg, L,5,ja,,,-
AM6,VM3D,WS2019,Klimaneutrale Energieversorgung,V, L,5,ja,,3,MEY
AM6,VM4A,WS2019,Finite-Elemente-Methode 2,Vg, L,5,nein,,3,AND
AM6,VM4B,WS2019,Fluid-Technik,Vg, L,5,ja,,,-
AM6,VM4C,WS2019,CFD-Grundlagen,Vg, L,5,ja,,3,GOT
AM6,VM5D,WS2019,Batterietechnik,V,5,ja,,3,SID
AM6,VM6A,WS2019,Bioprozesstechnik,Vg, L,5,ja,,3,NAD
AM6,VM6B,WS2019,Nachhaltige Energie- und Kältetechnik,Vg,6,nein,,3,HUK
ET4,AAT,WS2019,Apparate- u. Anlagentechnik,Vg,2,,,1,JAS
ET4,CA2V,WS2019,CAD 2,L,2,,,1,BER
ET4,ELA,WS2019,Elektrische Antriebe,Vg,2,,,1,FRA
ET4,FFF,WS2019,Förderanlagen für Fluide,Vg,2,,,1,JAS
ET4,FVA,WS2019,Fließbilder verfahrenst. Anlagen,L,2,,,1,BER
ET4,GTV,WS2019,Grundlagen Thermochemische Verfahrenstechnik,Vg,2,,,1,JAS
ET4,GVL,WS2019,Grundlagenlabor Verfahrenstechnik,L,1,,,1,JAS
ET4,MTEV,WS2019,Messtechnik,Vg,2,,,1,GIE
ET4,MVT1,WS2019,Mechanische Verfahrenstechnik 1,Vg,2,,,1,BER
ET4,RET1,WS2019,Reaktionstechnik 1,Vg,2,,,1,WOL
ET4,RTV1,WS2019,Regelungstechnik 1,Vg,2,,,1,HOY
ET4,SRTV,WS2019,Steuerungstechnik,Vg,2,,,1,HOY
ET4,THD2,WS2019,Thermodynamik 2,Vg,4,ja,,2,MEY
ET5,AWT,WS2019,Abwasserbehandlung u. Trinkwasseraufbereitung,Vg,2,,,1,SAK
ET5,IPM,WS2019,Internationales Projektmanagement,Vg,2,,,1,GRE
ET5,KWT,WS2019,Kraftwerkstechnik,Vg,2,,,1,JAN
ET5,MRLV,WS2019,Messen-Regeln-Labor,L,2,,,1,HOY, KAL
ET5,MSLV,WS2019,Messen-Steuern-Labor,L,1,,,1,HOY
ET5,PLLV,WS2019,Prozessleittechnik-Labor,L,1,,,1,HOF
ET5,PLTV,WS2019,Prozessleittechnik,Vg,2,,,1,HOY
ET5,RED,WS2019,Reinhaltung der Luft,Vg,2,,,1,SAK
ET5,RTV2,WS2019,Regelungstechnik 2,Vg,2,,,1,HOY
ET5,SPK,WS2019,Sprachliche Kompetenzen,S,1,,,,-
ET5,TVL1,WS2019,Thermische Verfahrenstechnik 1 - Labor,L,1,,,1,JAS
ET5,TVT1,WS2019,Thermische Verfahrenstechnik 1,Vg,4,nein,,2,JAS
ET5,UWL,WS2019,Umwelttechnik-Labor,L,1,,,,-
ET5,WTL,WS2019,Wärmetechnik-Labor,L,1,,,1,JAN
ET6,HZK,WS2019,Heizungstechnik und Kraft-Wärme-Kopplung,Vg,2,,,1,HUK
ET6,KAT,WS2019,Kältetechnik,Vg,2,,,,-
ET6,KKL,WS2019,Kälte- und Klimatechnik-Labor,L,1,,,1,HUK
ET6,KLT,WS2019,Klimatechnik,Vg,2,,,1,HUK
ET6,NEL,WS2019,Nachhaltige Energiesysteme-Labor,L,1,,,1,JAN
ET6,REE,WS2019,Regenerative Energien und Brennstoffzellen,Vg,2,,,1,JAN
ET6,VM2B,WS2019,Messen-Steuern-Regeln 3,Vg, L,5,nein,,3,AM6
ET6,VM3B,WS2019,Radioökologie und Strahlenschutz,Vg, L,5,ja,,3,AM6
ET6,VM3D,WS2019,Klimaneutrale Energieversorgung,V, L,5,ja,,3,AM6
ET6,VM4C,WS2019,CFD-Grundlagen,Vg, L,5,ja,,3,GOT
ET6,VM5B,WS2019,Umwelttechnik 2,Vg, V,6,ja,,3,SAK
ET6,VM5C,WS2019,Mechanische Verfahrenstechnik,Vg, L,5,ja,,,-
ET6,VM6A,WS2019,Bioprozesstechnik,Vg, L,5,ja,,3,NAD
ET6,VM6C,WS2019,Thermische Verfahrens- und Reaktionstechnik 2,Vg, L,5,ja,,,-
ET6,VM6D,WS2019,Strömungs- und Kolbenmaschinen 1,L, Vg,5,nein,,3,PIN
ID2,AIN1,WS2022,Labor Angewandte Informatik,L,8,ja,,2,CAK
ID2,CAD1,WS2022,CAD 1,L,1,,,,-
ID2,FES,WS2022,Grundlagen Festigkeitslehre,Vg,4,ja,,2,PAS
ID2,KGRD,WS2022,Konstruktionsgrundlagen,Vg,1,,,,-
ID2,MA2D,WS2022,Mathematik 2 D,Vg,6,ja,,,-
ID2,PHY,WS2022,Physik,Vg,2,,,,-
ID2,PYL,WS2022,Physik-Labor,L,1,,,,-
ID2,THD1,WS2022,Thermodynamik 1,Vg,4,nein,,2,HUK
II1,ELT,WS2019,Elektrotechnik,Vg,5,ja,,,-
II1,GLI,WS2019,Grundlagen der Informatik,Vg,4,nein,,2,CAK
II1,GWK,WS2019,Grundlagen Werkstoffkunde,Vg,4,nein,,2,BIL
II1,KGR,WS2019,Konstruktionsgrundlagen,Vg,2,,,,-
II1,MAT1,WS2019,Mathematik 1,Vg,6,ja,,3,KOE
II1,PHY1,WS2019,Physik 1,Vg,4,nein,,2,GRA
II1,STK,WS2019,Statik,Vg,5,ja,,,-
II2,AIN1,WS2019,Labor Angewandte Informatik,L,8,ja,,2,ID2
II2,BEL,WS2019,Betriebslehre Grundlagen,Vg,2,,,1,JTK
II2,CAD1,WS2019,CAD 1,L,1,,,1,WAD
II2,FES,WS2019,Grundlagen Festigkeitslehre,Vg,4,ja,,,-
II2,KIR,WS2019,Kosten- und Investitionsrechnung,Vg,1,,,1,GRE
II2,MAE1,WS2019,Maschinenelemente 1,Vg,4,ja,,,-
II2,MAT2,WS2019,Mathematik 2,Vg,4,nein,,2,HAN
II2,PHY2,WS2019,Physik 2,Vg,2,,,1,GRA
II2,PYL,WS2019,Physik-Labor,L,1,,,,-
II2,REK,WS2019,Rechtskunde,Vg,1,,,1,FRI
II2,WSP,WS2019,Wissenschaftliches Schreiben und Präsentieren,Sg,1,,,,-
II3,ADL,WS2019,Labor Algorithmen und Datenstrukturen,L,2,,,,-
II3,ALD,WS2019,Algorithmen und Datenstrukturen,Vg,4,ja,,,-
II3,CAD2,WS2019,CAD 2,Ü,2,,,1,BUC
II3,KIN,WS2019,Kinematik und Kinetik,Vg,4,ja,,,-
II3,KON,WS2019,Konstruktionslehre,Vg,2,,,1,AM4
II3,KUE1,WS2019,Konstruktionsübung 1,Ü,1,,,1,GUI
II3,MAT3,WS2019,Mathematik 3,Vg,4,ja,,2,WOL
II3,OOP,WS2019,Objektorientierte Programmierung,L,3,ja,,,-
II4,EFE,WS2019,Erweiterte Festigkeitslehre,Vg,2,,,1,AM4
II4,FEL1,WS2019,Finite-Elemente-Methode 1-Labor,L,1,,,1,WIM
II4,FEM1,WS2019,Finite-Elemente-Methode 1,Vg,2,,,1,AM4
II4,IPM,WS2019,Internationales Projektmanagement,Vg,2,,,1,GRE
II4,MTE1,WS2019,Messtechnik,Vg,2,,,1,GIE
II4,RTK1,WS2019,Regelungstechnik 1,Vg,2,,,1,STK
II4,SEL,WS2019,Labor Software-Engineering,L,2,,,1,CAK
II4,SRT,WS2019,Steuerungstechnik,Vg,2,,,1,HOS
II4,SWE,WS2019,Software-Engineering,Vg,2,,,1,CAK
II4,SYP1,WS2019,Systemprogrammierung 1,L,4,ja,,2,MAR
II4,TES,WS2019,Technische Schwingungslehre,Vg,2,,,1,HEK
II6,BTS,WS2019,Betriebssysteme,Vg,2,,,1,CAK
II6,DBS,WS2019,Datenbanksysteme,Vg,2,,,1,FUX
II6,ITS,WS2019,IT-Security,Vg,2,,,,-
II6,VM2A,WS2019,Machine Learning,Vg,6,ja,,3,AM6
KT2,ELT,WS2019,Elektrotechnik,Vg,5,ja,,,-
KT2,FES,WS2019,Grundlagen Festigkeitslehre,Vg,4,ja,,2,ID2
KT2,KGRD,WS2019,Konstruktionsgrundlagen,Vg,1,,,,-
KT2,MA2D,WS2019,Mathematik 2 D,Vg,6,ja,,,-
KT2,PHY2,WS2019,Physik 2,Vg,2,,,1,PIN
KT2,PYL,WS2019,Physik-Labor,L,1,,,1,PIN
KT4,APG,WS2019,Angewandtes Programmieren - Grundlagen,Ü,1,,,1,KAS
KT4,EFE,WS2019,Erweiterte Festigkeitslehre,Vg,2,,,1,AM4
KT4,ELA,WS2019,Elektrische Antriebe,Vg,2,,,1,FRA
KT4,FUE,WS2019,Fügen,Vg,2,,,1,PFA
KT4,INL,WS2019,Informatik-Labor,L,1,,,1,FUX
KT4,KUE1,WS2019,Konstruktionsübung 1,Ü,1,,,1,SAL
KT4,MAE2,WS2019,Maschinenelemente 2,Vg,4,ja,,2,REU
KT4,SLE,WS2019,Strömungslehre,Vg,2,,,1,KLO
KT4,SPA,WS2019,Spanen,Vg,2,,,1,LIE
KT4,TES,WS2019,Technische Schwingungslehre,Vg,2,,,1,HEK
KT6,ATT,WS2019,Antriebstechnik D,Vg,2,,,1,HOS
KT6,FEL1,WS2019,Finite-Elemente-Methode 1-Labor,L,1,,,1,PFU
KT6,FEM1,WS2019,Finite-Elemente-Methode 1,Vg,2,,,1,AM4
KT6,FHT,WS2019,Förder- und Handhabungstechnik,Vg,2,,,1,STH
KT6,IKR,WS2019,Kosten- und Investitionsrechnung,Vg,1,,,1,GRE
KT6,IRO,WS2019,Robotik Grundlagen,Vg,2,,,1,HOS
KT6,KON2,WS2019,Konstruktionslehre 2,Vg,1,,,1,REU
KT6,KUE2,WS2019,Konstruktionsübungen 2,Vg,2,,,,-
KT6,LAS,WS2019,Lärmarme Systeme,Vg,2,,,,-
KT6,MFI,WS2019,Marketing für Ingenieure,Vg,2,,,1,WEB
KT6,MTW,WS2019,Methodische Werkstoffauswahl,Vg,2,,,1,REU
KT6,QUMD,WS2019,Qualitäts- und Umweltmanagement,Vg,2,,,1,FLM
KT6,REK,WS2019,Rechtskunde,Vg,1,,,1,II2
KT6,SHT,WS2019,Sicherheitstechnik,Vg,1,,,1,FRA
KT6,VFT,WS2019,Verfahrenstechnik D,Vg,2,,,1,SAK
M1A,CHE,WS2019,Chemie,Vg,2,,,1,KOE
M1A,ELT,WS2019,Elektrotechnik,Vg,5,ja,,3,HOS
M1A,GWK,WS2019,Grundlagen Werkstoffkunde,Vg,4,nein,,2,BIL
M1A,KGR,WS2019,Konstruktionsgrundlagen,Vg,2,,,,-
M1A,MAT1,WS2019,Mathematik 1,Vg,6,nein,,3,MAR
M1A,PHY1,WS2019,Physik 1,Vg,4,nein,,2,GIE
M1A,STK,WS2019,Statik,Vg,5,ja,,3,PFU
M2A,CAD1,WS2019,CAD 1,L,1,,,1,BUC
M2A,FES,WS2019,Grundlagen Festigkeitslehre,Vg,4,ja,,2,BID
M2A,INF,WS2019,Informatik,Vg,2,,,1,VEN
M2A,KST,WS2019,Kunststoffe,Vg,2,,,1,SID
M2A,MAE1,WS2019,Maschinenelemente 1,Vg,4,ja,,2,SAL
M2A,MAT2,WS2019,Mathematik 2,Vg,4,nein,,2,HAN
M2A,SLE,WS2019,Strömungslehre,Vg,2,,,1,KLO
M2A,THD1,WS2019,Thermodynamik 1,Vg,4,nein,,2,HUK
M2A,UMF,WS2019,Umformen,Vg,2,,,,-
M2A,UUF,WS2019,Urformen und Fügen,Vg,2,,,1,PFA
M2A,WKL,WS2019,Werkstoffkunde-Labor,L,1,,,1,CLA
M2B,CAD1,WS2019,CAD 1,L,1,,,1,BER
M2B,FES,WS2019,Grundlagen Festigkeitslehre,Vg,4,ja,,2,BID
M2B,INF,WS2019,Informatik,Vg,2,,,1,VEN
M2B,KST,WS2019,Kunststoffe,Vg,2,,,1,SID
M2B,MAE1,WS2019,Maschinenelemente 1,Vg,4,ja,,2,SAL
M2B,MAT2,WS2019,Mathematik 2,Vg,4,nein,,2,HAN
M2B,SLE,WS2019,Strömungslehre,Vg,2,,,1,KLO
M2B,THD1,WS2019,Thermodynamik 1,Vg,4,nein,,2,HUK
M2B,UMF,WS2019,Umformen,Vg,2,,,1,BIL
M2B,UUF,WS2019,Urformen und Fügen,Vg,2,,,1,PFA
M2B,WKL,WS2019,Werkstoffkunde-Labor,L,1,,,1,CLA
M3A,APG,WS2019,Angewandtes Programmieren - Grundlagen,Ü,1,,,1,KAS
M3A,BEL,WS2019,Betriebslehre Grundlagen,Vg,2,,,1,SFF
M3A,INK,WS2019,Interkulturelle Handlungskompetenzen Grundlagen,S,2,,,1,PFE
M3A,INL,WS2019,Informatik-Labor,L,1,,,1,FUX
M3A,KIN,WS2019,Kinematik und Kinetik,Vg,4,ja,,2,PAS
M3A,KUE1,WS2019,Konstruktionsübung 1,Ü,1,,,1,II3
M3A,MAE2,WS2019,Maschinenelemente 2,Vg,4,nein,,2,KLA
M3A,MAT3,WS2019,Mathematik 3,Vg,4,ja,,2,II3
M3A,PHY2,WS2019,Physik 2,Vg,2,,,1,GIE
M3A,PYL,WS2019,Physik-Labor,L,1,,,1,PIN
M3A,REK,WS2019,Rechtskunde,Vg,1,,,1,II2
M3A,SPA,WS2019,Spanen,Vg,2,,,1,LIE
M3A,WSP,WS2019,Wissenschaftliches Schreiben und Präsentieren,Sg,1,,,,-
ME1,ANT,WS2010,Antriebstechnik,V, S,3,nein,,2,GUI
ME1,CAK,WS2010,CAD-Konstruktion im Umfeld aktueller Organisationsstrukturen,Vg,2,,,1,QUA
ME1,GEP,WS2010,Grundlagen u. Einf. in Entwurfsprozesse,Vg,2,,,1,GUI
ME1,HME1,WS2010,Höhere Mechanik 1,Vg,2,,,1,PFU
ME1,HME3,WS2010,Höhere Mechanik 3,Vg,2,,,1,PFU
ME1,ICB1,WS2010,Integr. CAD - Berechn. 1,V,1,,,1,QUA
ME1,IIFM,WS2010,Ingenieurinformatik,V,2,,,1,MAR
ME1,MAM,WS2010,Mathematische Methoden,Vg,4,nein,,2,HAN
ME1,WIM,WS2010,Wissens- und Informationsmangement,Vg,1,,,1,SCH
ME1,WUF,WS2010,Werkstoffe und Fertigungsverfahren für den Leichtbau,V,3,ja,,2,STL
MT2,AIN1,WS2019,Labor Angewandte Informatik,L,8,ja,,2,ID2
MT2,FES,WS2019,Grundlagen Festigkeitslehre,Vg,4,ja,,2,ID2
MT2,KGRD,WS2019,Konstruktionsgrundlagen,Vg,1,,,,-
MT2,MA2D,WS2019,Mathematik 2 D,Vg,6,ja,,,-
MT2,PHY,WS2019,Physik,Vg,2,,,1,PIN
MT2,PJM,WS2019,Projektmanagement D,Vg,2,,,1,WIN
MT2,PYL,WS2019,Physik-Labor,L,1,,,1,PIN
MT2,THD1,WS2019,Thermodynamik 1,Vg,4,nein,,2,HUK
MT6,HPL,WS2019,Hydraulik und Pneumatik Labor,L,0.5,,,0,STR
MT6,HUP,WS2019,Hydraulik und Pneumatik,Vg,2,,,1,STR
MT6,ITS,WS2019,IT-Security,Vg,2,,,,-
MT6,QUM,WS2019,Qualitäts- und Umweltmanagement,Vg,2,,,1,FLM
MT6,SHT,WS2019,Sicherheitstechnik,Vg,1,,,1,FRA
MT6,VM2C,WS2019,Industrierobotik,Vg, L,5,ja,,,-
PE2,EAS,WS2019,Seminar Energieanlagentechnik VT,S,1,,,1,JAS
PE2,EAT,WS2019,Energieanlagentechnik VT,V,2,,,1,JAS
PE2,EVP,WS2019,Elemente der Verfahrenstechnikplanung,V, S,3,ja,,2,SAK
PE2,IIFP,WS2019,Ingenieurinformatik,V,2,,,1,FUX
PE2,IIFS,WS2019,Seminar Ingenieurinformatik,S,1,,,1,FUX
PE2,SAPV,WS2019,Simulationsgestützte Auslegung und Planung (PE),V,4,ja,,2,LUE
PE2,VCA,WS2019,Verfahrenstechnisches CAE,V,4,ja,,2,LUE
PE2,VCS,WS2019,Seminar Verfahrenstechnisches CAE,S,1,,,1,SMU
PE2,WUS,WS2019,Wärme- und Stoffübertragung,V, S,3,ja,,2,JAN
PM2,APFS,WS2019,Seminar Auslegung des Produktionsmanagements (PM/FT),S,1,,,1,SCH
PM2,APMF,WS2019,Auslegung des Produktionsmanagements (PM/FT),V,2,,,1,SCH
PM2,BUN,WS2019,Betriebs- und Unternehmensführung FT,V,2,,,1,SCH
PM2,BUS,WS2019,Seminar Betriebs- und Unternehmensführung,S,1,,,1,SCH
PM2,ELS,WS2019,Effective Leadership,V,2,,,1,SCH
PM2,HFT,WS2019,Hochleistungsfertigung FT,V,2,,,1,LIE
PM2,IIFP,WS2019,Ingenieurinformatik,V,2,,,1,PE2
PM2,IIFS,WS2019,Seminar Ingenieurinformatik,S,1,,,1,PE2
PM2,LEM,WS2019,Lean Management FT,V,2,,,1,SCH
PM2,LFT,WS2019,Laserfertigungstechnik,V,2,,,1,AHL
PM2,LPTR,WS2019,Lean Production Trainer FT,S,1,,,1,BEG
PM2,SAPF,WS2019,Simulationsgestützte Auslegung und Planung (PM/FT),V,4,ja,,2,DIR
PM2,SASF,WS2019,Seminar Simulationsgestützte Auslegung und Planung (PM/FT),S,1,,,1,DIR, LUE, SMU
PM2,ZTSP,WS2019,Zuverlässigkeit technischer Systeme FT,V,2,,,1,SCB
PP1,HMA,WS2019,Höhere Ingenieurmathematik,V,4,ja,,,-
PS4,CAM1,WS2019,CAD/CAM-Systeme,Ü,2,,,1,WAD
PS4,CNC1,WS2019,CNC-Technik,Vg,2,,,1,_
PS4,CNL1,WS2019,CNC-Labor,L,1,,,1,WAD
PS4,EFE,WS2019,Erweiterte Festigkeitslehre,Vg,2,,,1,AM4
PS4,ELA,WS2019,Elektrische Antriebe,Vg,2,,,1,FRA
PS4,FEL1,WS2019,Finite-Elemente-Methode 1-Labor,L,1,,,1,PFU
PS4,FEM1,WS2019,Finite-Elemente-Methode 1,Vg,2,,,1,AM4
PS4,FLT,WS2019,Fertigungsleittechnik,Vg,2,,,1,LEC
PS4,HPL,WS2019,Hydraulik und Pneumatik Labor,L,0.5,,,0,STR
PS4,HUP,WS2019,Hydraulik und Pneumatik,Vg,2,,,1,MT6
PS4,MTE1,WS2019,Messtechnik,Vg,2,,,1,GIE
PS4,RTK1,WS2019,Regelungstechnik 1,Vg,2,,,1,STK
PS4,SRT,WS2019,Steuerungstechnik,Vg,2,,,1,HOS
PS4,TES,WS2019,Technische Schwingungslehre,Vg,2,,,1,HEK
PS5,BEM,WS2019,Betriebsmittel,Vg,2,,,,-
PS5,BML,WS2019,Betriebsmittel-Labor,L,1,,,1,_
PS5,FAP,WS2019,Fabrikplanung,Vg,2,,,1,BEG
PS5,FHL,WS2019,Förder- und Handhabungstechnik-Labor,L,1,,,1,STH
PS5,FHT,WS2019,Förder- und Handhabungstechnik,Vg,2,,,1,STH
PS5,FML,WS2019,Fertigungsmesstechnik-Labor,L,3,,,1,QUA
PS5,IKR,WS2019,Kosten- und Investitionsrechnung,Vg,1,,,1,GRE
PS5,IPM,WS2019,Internationales Projektmanagement,Vg,2,,,1,GRE
PS5,KOP,WS2019,Konstruieren und Projektieren,Vg,1,,,,-
PS5,MLO1,WS2019,Materialflusstechnik und Logistik 1,Vg,2,,,1,STH
PS5,PPS,WS2019,Produktionsplanung und -steuerung (PPS),Vg,2,,,1,BEG
PS5,SPK,WS2019,Sprachliche Kompetenzen,S,1,,,,-
PS5,VIF,WS2019,Virtuelle Fertigung,Vg,2,,,1,SCH
PS5,VIL,WS2019,Virtuelle Fertigung-Labor,L,1,,,1,WAD
PS6,ARS,WS2019,Arbeitssicherheit und Gesundheitsschutz,Vg,2,,,1,KHL
PS6,ASP,WS2019,Arbeitssystem- und -prozessgestaltung,Vg,2,,,1,WEB
PS6,QUM,WS2019,Qualitäts- und Umweltmanagement,Vg,2,,,1,GRE
PS6,UFL,WS2019,Umformtechnik-Labor,L,2,,,1,HAG
PS6,UFM,WS2019,Umformmaschinen,Vg,2,,,1,HAG
PS6,UFT,WS2019,Umformtechnik,Vg,2,,,,-
PS6,VM2A,WS2019,Machine Learning,Vg,6,ja,,3,AM6
PS6,VM2B,WS2019,Messen-Steuern-Regeln 3,Vg, L,5,nein,,3,AM6
PS6,VM2C,WS2019,Industrierobotik,Vg, L,5,ja,,,-
PS6,VM2D,WS2019,Prozessleittechnik,Vg, L,5,ja,,3,AM6
PS6,VM3A,WS2019,Kälte- und Klimatechnik,Vg, L,5,nein,,3,HUK
PS6,VM3B,WS2019,Radioökologie und Strahlenschutz,Vg, L,5,ja,,3,AM6
PS6,VM3C,WS2019,Grundlagen der Verfahrenstechnik,Vg, L,5,ja,,,-
PS6,VM3D,WS2019,Klimaneutrale Energieversorgung,V, L,5,ja,,3,AM6
PS6,VM4A,WS2019,Finite-Elemente-Methode 2,Vg, L,5,nein,,3,AM6
PS6,VM5D,WS2019,Batterietechnik,V,5,ja,,3,SID
PS6,VM6A,WS2019,Bioprozesstechnik,Vg, L,5,ja,,3,NAD
PS6,VM6B,WS2019,Nachhaltige Energie- und Kältetechnik,Vg,6,nein,,3,HUK
PS6,WZL,WS2019,Werkzeugmaschinen-Labor,L,2,,,1,LIE
PS6,WZM1,WS2019,Werkzeugmaschinen 1,Vg,2,,,1,AHL
PS6,WZM2,WS2019,Werkzeugmaschinen 2,Vg,2,,,1,AHL
PT2,ELT,WS2019,Elektrotechnik,Vg,5,ja,,,-
PT2,FES,WS2019,Grundlagen Festigkeitslehre,Vg,4,ja,,2,ID2
PT2,KGRD,WS2019,Konstruktionsgrundlagen,Vg,1,,,,-
PT2,MA2D,WS2019,Mathematik 2 D,Vg,6,ja,,,-
PT2,PHY2,WS2019,Physik 2,Vg,2,,,1,KT2
PT2,PYL,WS2019,Physik-Labor,L,1,,,1,PIN
PT4,APG,WS2019,Angewandtes Programmieren - Grundlagen,Ü,1,,,1,KAS
PT4,ELA,WS2019,Elektrische Antriebe,Vg,2,,,1,FRA
PT4,FAP,WS2019,Fabrikplanung,Vg,2,,,1,BEG
PT4,FLT,WS2019,Fertigungsleittechnik,Vg,2,,,1,PS4
PT4,FUE,WS2019,Fügen,Vg,2,,,1,KT4
PT4,INL,WS2019,Informatik-Labor,L,1,,,1,FUX
PT4,KUE1,WS2019,Konstruktionsübung 1,Ü,1,,,1,KT4
PT4,MAE2,WS2019,Maschinenelemente 2,Vg,4,ja,,2,REU
PT4,PPS,WS2019,Produktionsplanung und -steuerung (PPS),Vg,2,,,1,BEG
PT4,SPA,WS2019,Spanen,Vg,2,,,1,LIE
PT6,FHL,WS2019,Förder- und Handhabungstechnik-Labor,L,1,,,1,STH
PT6,FHT,WS2019,Förder- und Handhabungstechnik,Vg,2,,,1,STH
PT6,HPL,WS2019,Hydraulik und Pneumatik Labor,L,0.5,,,0,STR
PT6,HUP,WS2019,Hydraulik und Pneumatik,Vg,2,,,1,MT6
PT6,IKR,WS2019,Kosten- und Investitionsrechnung,Vg,1,,,1,GRE
PT6,ITS,WS2019,IT-Security,Vg,2,,,,-
PT6,MFI,WS2019,Marketing für Ingenieure,Vg,2,,,1,WEB
PT6,MLO1,WS2019,Materialflusstechnik und Logistik 1,Vg,2,,,1,STH
PT6,MSL,WS2019,Messen-Steuern-Labor,L,1,,,1,HOY
PT6,MTL,WS2019,Mechatronik-Labor,L,1,,,1,KAL
PT6,QUMD,WS2019,Qualitäts- und Umweltmanagement,Vg,2,,,1,KT6
PT6,REK,WS2019,Rechtskunde,Vg,1,,,1,II2
PT6,RGF,WS2019,Rechnergestützte Fertigung (CAM),Vg,2,,,1,WAD
PT6,SHT,WS2019,Sicherheitstechnik,Vg,1,,,1,FRA
PT6,SLE,WS2019,Strömungslehre,Vg,2,,,1,KLO
PT6,VFT,WS2019,Verfahrenstechnik D,Vg,2,,,1,KT6
VE1,CHE,WS2019,Chemie,Vg,2,,,1,WOL
VE1,ELT,WS2019,Elektrotechnik,Vg,5,ja,,,-
VE1,GWK,WS2019,Grundlagen Werkstoffkunde,Vg,4,nein,,2,BIL
VE1,KGR,WS2019,Konstruktionsgrundlagen,Vg,2,,,,-
VE1,MAT1,WS2019,Mathematik 1,Vg,6,ja,,3,II1
VE1,PHY1,WS2019,Physik 1,Vg,4,nein,,2,II1
VE1,STK,WS2019,Statik,Vg,5,ja,,3,PFA
VE2,CAD1,WS2019,CAD 1,L,1,,,1,BER
VE2,FES,WS2019,Grundlagen Festigkeitslehre,Vg,4,ja,,,-
VE2,INF,WS2019,Informatik,Vg,2,,,1,FUX
VE2,KST,WS2019,Kunststoffe,Vg,2,,,1,SID
VE2,MAE1,WS2019,Maschinenelemente 1,Vg,4,ja,,2,SAL
VE2,MAT2,WS2019,Mathematik 2,Vg,4,nein,,2,HAN
VE2,SLE,WS2019,Strömungslehre,Vg,2,,,1,KLO
VE2,THD1,WS2019,Thermodynamik 1,Vg,4,nein,,2,HUK
VE2,UMF,WS2019,Umformen,Vg,2,,,1,BIL
VE2,UUF,WS2019,Urformen und Fügen,Vg,2,,,1,PFA
VE2,WKL,WS2019,Werkstoffkunde-Labor,L,1,,,1,CLA
VE3,APG,WS2019,Angewandtes Programmieren - Grundlagen,Ü,1,,,1,KAS
VE3,BEL,WS2019,Betriebslehre Grundlagen,Vg,2,,,1,GRE
VE3,INK,WS2019,Interkulturelle Handlungskompetenzen Grundlagen,S,2,,,1,PFE
VE3,INL,WS2019,Informatik-Labor,L,1,,,,-
VE3,KIN,WS2019,Kinematik und Kinetik,Vg,4,ja,,,-
VE3,KUE1,WS2019,Konstruktionsübung 1,Ü,1,,,1,DIR
VE3,MAE2,WS2019,Maschinenelemente 2,Vg,4,nein,,2,M3A
VE3,MAT3,WS2019,Mathematik 3,Vg,4,ja,,2,II3
VE3,PHY2,WS2019,Physik 2,Vg,2,,,1,GRM
VE3,PYL,WS2019,Physik-Labor,L,2,,,1,GRM
VE3,REK,WS2019,Rechtskunde,Vg,1,,,1,II2
VE3,WSP,WS2019,Wissenschaftliches Schreiben und Präsentieren,Sg,1,,,1,NAD
VU4,AAT,WS2019,Apparate- u. Anlagentechnik,Vg,2,,,1,JAS
VU4,CA2V,WS2019,CAD 2,L,2,,,1,BER
VU4,ELA,WS2019,Elektrische Antriebe,Vg,2,,,1,FRA
VU4,FFF,WS2019,Förderanlagen für Fluide,Vg,2,,,1,JAS
VU4,FVA,WS2019,Fließbilder verfahrenst. Anlagen,L,2,,,1,BER
VU4,GTV,WS2019,Grundlagen Thermochemische Verfahrenstechnik,Vg,2,,,1,JAS
VU4,GVL,WS2019,Grundlagenlabor Verfahrenstechnik,L,1,,,1,JAS
VU4,MTEV,WS2019,Messtechnik,Vg,2,,,1,GIE
VU4,MVT1,WS2019,Mechanische Verfahrenstechnik 1,Vg,2,,,1,BER
VU4,RET1,WS2019,Reaktionstechnik 1,Vg,2,,,1,ET4
VU4,RTV1,WS2019,Regelungstechnik 1,Vg,2,,,1,ET4
VU4,SRTV,WS2019,Steuerungstechnik,Vg,2,,,1,ET4
VU4,THD2,WS2019,Thermodynamik 2,Vg,4,ja,,2,MEY
VU5,AWT,WS2019,Abwasserbehandlung u. Trinkwasseraufbereitung,Vg,2,,,1,ET5
VU5,IPM,WS2019,Internationales Projektmanagement,Vg,2,,,1,GRE
VU5,KWT,WS2019,Kraftwerkstechnik,Vg,2,,,1,ET5
VU5,MRLV,WS2019,Messen-Regeln-Labor,L,2,,,1,HOY, KAL
VU5,MSLV,WS2019,Messen-Steuern-Labor,L,1,,,1,ET5
VU5,PLLV,WS2019,Prozessleittechnik-Labor,L,1,,,1,ET5
VU5,PLTV,WS2019,Prozessleittechnik,Vg,2,,,1,ET5
VU5,RED,WS2019,Reinhaltung der Luft,Vg,2,,,1,ET5
VU5,RTV2,WS2019,Regelungstechnik 2,Vg,2,,,1,ET5
VU5,SPK,WS2019,Sprachliche Kompetenzen,S,1,,,,-
VU5,TVL1,WS2019,Thermische Verfahrenstechnik 1 - Labor,L,1,,,1,JAS
VU5,TVT1,WS2019,Thermische Verfahrenstechnik 1,Vg,4,nein,,2,JAS
VU5,UWL,WS2019,Umwelttechnik-Labor,L,1,,,1,NAD
VU5,WTL,WS2019,Wärmetechnik-Labor,L,1,,,1,ET5
VU6,MVL,WS2019,Mechanische Verfahrenstechnik-Labor,L,1,,,1,SMU
VU6,MVT2,WS2019,Mechanische Verfahrenstechnik 2,Vg,4,ja,,2,LUE, SMU
VU6,RET2,WS2019,Reaktionstechnik 2,Vg,2,,,1,KOE
VU6,TVL2,WS2019,Thermische Verfahrenstechnik 2 - Labor,L,1,,,1,JAS
VU6,TVT2,WS2019,Thermische Verfahrenstechnik 2,Vg,2,,,1,JAS
VU6,VM2B,WS2019,Messen-Steuern-Regeln 3,Vg, L,5,nein,,3,AM6
VU6,VM3A,WS2019,Kälte- und Klimatechnik,Vg, L,5,nein,,3,HUK
VU6,VM3B,WS2019,Radioökologie und Strahlenschutz,L, Vg,5,ja,,3,AM6
VU6,VM3D,WS2019,Klimaneutrale Energieversorgung,V, L,5,ja,,3,AM6
VU6,VM4C,WS2019,CFD-Grundlagen,Vg, L,5,ja,,3,GOT
VU6,VM5A,WS2019,Nachhaltige Energiesysteme,Vg, L,5,ja,,,-
VU6,VM5B,WS2019,Umwelttechnik 2,V, Vg,6,ja,,3,ET6
VU6,VM6A,WS2019,Bioprozesstechnik,Vg, L,5,ja,,3,NAD
VU6,VM6B,WS2019,Nachhaltige Energie- und Kältetechnik,Vg,6,nein,,3,HUK
VU6,VM6D,WS2019,Strömungs- und Kolbenmaschinen 1,L, Vg,5,nein,,3,ET6
WI1,CHE,WS2019,Chemie,Vg,2,,,1,KOE
WI1,ELT,WS2019,Elektrotechnik,Vg,5,ja,,,-
WI1,MAT1,WS2019,Mathematik 1,Vg,6,nein,,3,HAN
WI1,MIM,WS2019,Mikroökonomie und Makroökonomie,V,6,ja,,,-
WI1,PHY1,WS2019,Physik 1,Vg,4,ja,,2,GRM
WI1,STK,WS2019,Statik,Vg,5,ja,,3,PFA
WI2,BKP,WS2019,Betriebliche Kernprozesse,V,2,,,,-
WI2,BWL,WS2019,Grundsatzentscheidungen der BWL,V,2,,,,-
WI2,FES,WS2019,Grundlagen Festigkeitslehre,Vg,4,ja,,2,PFU
WI2,GWK,WS2019,Grundlagen Werkstoffkunde,Vg,4,ja,,2,PFA
WI2,INF,WS2019,Informatik,Vg,2,,,1,CAK
WI2,KGR,WS2019,Konstruktionsgrundlagen,Vg,2,,,1,PFA
WI2,MAT2,WS2019,Mathematik 2,Vg,4,ja,,2,WOL
WI2,PRO,WS2019,Produktion,V,2,,,,-
WI2,SLE,WS2019,Strömungslehre,Vg,2,,,1,KLO
WI2,THD1,WS2019,Thermodynamik 1,Vg,4,nein,,2,HUK
WI2,WKL,WS2019,Werkstoffkunde-Labor,L,1,,,1,CLA
WI3,APG,WS2019,Angewandtes Programmieren - Grundlagen,Ü,1,,,1,GRM
WI3,BUF,WS2019,Buchführung,V,2,,,,-
WI3,CAD1,WS2019,CAD 1,L,1,,,1,BUC
WI3,FIW,WS2019,Finanzwirtschaft,V,2,,,,-
WI3,INL,WS2019,Informatik-Labor,L,2,,,1,GRM
WI3,KIN,WS2019,Kinematik und Kinetik,Vg,4,ja,,,-
WI3,MAE1,WS2019,Maschinenelemente 1,Vg,4,ja,,,-
WI3,MAR,WS2019,Marketing und Vertrieb,V,2,,,1,WEB
WI3,PHY2,WS2019,Physik 2,Vg,2,,,1,VE3
WI3,PYL,WS2019,Physik-Labor,L,1,,,1,GRA
WI3,STA,WS2019,Statistik,Vg,4,ja,,2,WOL
WI3,WSP,WS2019,Wissenschaftliches Schreiben und Präsentieren,Sg,1,,,1,NAD
WI4,BUR,WS2019,Bürgerliches Recht,V,4,ja,,,-
WI4,EXR,WS2019,Externes Rechnungswesen,V,4,ja,,,-
WI4,HGR,WS2019,Handels- und Gesellschaftsrecht,V,2,,,,-
WI4,IFB,WS2019,Informationsbeschaffung,Vg,1,,,,-
WI4,INR,WS2019,Internes Rechnungswesen,V,2,,,,-
WI4,KUE1,WS2019,Konstruktionsübung 1,Ü,1,,,1,II3
WI4,MTE1,WS2019,Messtechnik,Vg,2,,,1,GIE
WI4,RTK1,WS2019,Regelungstechnik 1,Vg,2,,,1,STK
WI4,SPA,WS2019,Spanen,Vg,2,,,1,LIE
WI4,SPK,WS2019,Sprachliche Kompetenzen,S,1,,,,-
WI4,SRT,WS2019,Steuerungstechnik,Vg,2,,,1,HOS
WI4,UMF,WS2019,Umformen,Vg,2,,,1,BIL
WI4,UUF,WS2019,Urformen und Fügen,Vg,2,,,1,PFA
WI5,FAP,WS2019,Fabrikplanung,Vg,2,,,1,BEG
WI5,FHL,WS2019,Förder- und Handhabungstechnik-Labor,L,2,,,1,STH
WI5,FHT,WS2019,Förder- und Handhabungstechnik,Vg,2,,,1,STH
WI5,FLT,WS2019,Fertigungsleittechnik,Vg,2,,,1,PS4
WI5,INK,WS2019,Interkulturelle Handlungskompetenzen Grundlagen,S,2,,,1,PFE
WI5,IPM,WS2019,Internationales Projektmanagement,Vg,2,,,1,SPE
WI5,IRE,WS2019,Industrial Relations,Vg,1,,,,-
WI5,LOM,WS2019,Logistikmanagement,Vg,2,,,1,BEG
WI5,MLO1,WS2019,Materialflusstechnik und Logistik 1,Vg,2,,,1,STH
WI5,PPS,WS2019,Produktionsplanung und -steuerung (PPS),Vg,2,,,1,BEG
WI5,PTL,WS2019,Logistikmanagement Labor,L,1,,,1,BEG
WI5,SCM,WS2019,Supply Chain Management,Vg,2,,,1,BEG
WI5,VER,WS2019,Vertriebssteuerung,Vg,6,ja,,,-
WI6,ABR,WS2019,Arbeitsrecht,V,2,,,,-
WI6,ARS,WS2019,Arbeitssicherheit und Gesundheitsschutz,Vg,2,,,1,PS6
WI6,ASP,WS2019,Arbeitssystem- und -prozessgestaltung,Vg,2,,,1,WEB
WI6,PER,WS2019,Personalmanagement,V,2,,,,-
WI6,QUM,WS2019,Qualitäts- und Umweltmanagement,Vg,2,,,1,SIE
WI6,UNF,WS2019,Unternehmensführung,V,2,,,,-
WI6,VM1A,WS2019,Umformmaschinen,Vg, L,5,ja,,3,AM6
WI6,VM1B,WS2019,Werkzeugmaschinen,Vg, L,5,ja,,,-
WI6,VM2C,WS2019,Industrierobotik,Vg, L,5,ja,,,-
WI6,VM2D,WS2019,Prozessleittechnik,Vg, L,5,ja,,3,AM6
WI6,VM3A,WS2019,Kälte- und Klimatechnik,Vg, L,5,nein,,3,HUK
WI6,VM3B,WS2019,Radioökologie und Strahlenschutz,L, Vg,5,ja,,3,AM6
WI6,VM3C,WS2019,Grundlagen der Verfahrenstechnik,Vg, L,5,ja,,,-
WI6,VM3D,WS2019,Klimaneutrale Energieversorgung,V, L,5,ja,,3,AM6
WI6,VM4B,WS2019,Fluid-Technik,Vg, L,5,ja,,,-
WI6,VM4C,WS2019,CFD-Grundlagen,Vg, L,5,ja,,3,GOT
WI6,VM5D,WS2019,Batterietechnik,V,5,ja,,3,SID
WI6,VM6A,WS2019,Bioprozesstechnik,Vg, L,5,ja,,3,NAD
WI6,VM6B,WS2019,Nachhaltige Energie- und Kältetechnik,Vg,6,nein,,3,HUK
WM1,ABR,WS2019,Arbeitsrecht,V,2,,,,-
WM1,AMS,WS2019,Auslegung mechatronischer Systeme,V,3,ja,,2,FRA
WM1,GSO,WS2019,Global Production and Sourcing,V, S,3,ja,,2,BEG
WM1,HMD,WS2019,Höhere Ingenieurmathematik,V,4,nein,,2,SCB
WM1,PER,WS2019,Personalmanagement,V,2,,,,-
WM1,SMA,WS2019,Strategisches Marketing,V,2,,,1,WEB
WM1,TDY,WS2019,Technische Dynamik,V,3,ja,,,-
WM1,UNF,WS2019,Unternehmensführung,V,2,,,,-
WT2,APG,WS2019,Angewandtes Programmieren - Grundlagen,Ü,1,,,1,GRM
WT2,ELT,WS2019,Elektrotechnik,Vg,5,ja,,,-
WT2,FES,WS2019,Grundlagen Festigkeitslehre,Vg,4,ja,,2,ID2
WT2,INL,WS2019,Informatik-Labor,L,1,,,1,KT4
WT2,MA2D,WS2019,Mathematik 2 D,Vg,6,ja,,,-
WT4,CAD1,WS2019,CAD 1,L,1,,,1,BUC
WT4,EXR,WS2019,Externes Rechnungswesen,V,4,ja,,,-
WT4,INR,WS2019,Internes Rechnungswesen,V,2,,,,-
WT4,KGRD,WS2019,Konstruktionsgrundlagen,Vg,1,,,,-
WT4,KST,WS2019,Kunststoffe,Vg,2,,,1,SID
WT4,MAE1,WS2019,Maschinenelemente 1,Vg,4,ja,,2,REU
WT4,PHY2,WS2019,Physik 2,Vg,2,,,1,II2
WT4,PYL,WS2019,Physik-Labor,L,1,,,,-
WT4,WKL,WS2019,Werkstoffkunde-Labor,L,1,,,1,CLA
WT6,ECO,WS2019,E-Business in Vertrieb und Einkauf,Vg,2,,,1,WEB
WT6,ELA,WS2019,Elektrische Antriebe,Vg,2,,,1,FRA
WT6,FHL,WS2019,Förder- und Handhabungstechnik-Labor,L,1,,,1,STH
WT6,FHT,WS2019,Förder- und Handhabungstechnik,Vg,2,,,1,STH
WT6,INK,WS2019,Interkulturelle Handlungskompetenzen Grundlagen,S,2,,,1,PFE
WT6,MLO1,WS2019,Materialflusstechnik und Logistik 1,Vg,2,,,1,STH
WT6,QUMD,WS2019,Qualitäts- und Umweltmanagement,Vg,2,,,1,KT6
WT6,REK,WS2019,Rechtskunde,Vg,1,,,1,II2
WT6,SCM,WS2019,Supply Chain Management,Vg,2,,,1,BEG
WT6,SPA,WS2019,Spanen,Vg,2,,,1,LIE
WT6,UMF,WS2019,Umformen,Vg,2,,,1,SAC
WT6,UUF,WS2019,Urformen und Fügen,Vg,2,,,1,PFA
WT6,VER,WS2019,Vertriebssteuerung,Vg,6,ja,,,-
WT6,VFT,WS2019,Verfahrenstechnik D,Vg,2,,,1,KT6
